label,W_EXC_INIT,W_INH_INIT,W_MAX,NU_EXT_HZ,W_EXT,RHO0_HZ,ISTDP_ETA,GAIN_ETA,LAMBDA_UM,TARGET_OUTDEG,m_hat_MR,tau_size,KS_size,rate_hz,steps_per_s,rt_factor,aval_count,self_sus,near,powerlaw,crackle
b1_drive2k,1.0f,3.0f,8.0f,2000.0f,8.0f,3.0f,0.005f,1.0e-4f,150.0f,100,0.9649,nan,inf,1.65,10829,1.08,2,PASS,PASS,----,----
b2_drive5k,1.0f,3.0f,8.0f,5000.0f,8.0f,3.0f,0.005f,1.0e-4f,150.0f,100,0.9831,nan,inf,16.30,8259,0.83,1,PASS,PASS,----,----
b3_drive10k,1.0f,3.0f,8.0f,10000.0f,8.0f,3.0f,0.005f,1.0e-4f,150.0f,100,0.9407,nan,inf,36.07,4845,0.48,1,PASS,PASS,----,----
b4_drive_rec,3.0f,6.0f,8.0f,10000.0f,8.0f,3.0f,0.005f,1.0e-4f,150.0f,100,0.9426,nan,inf,36.68,4805,0.48,1,PASS,PASS,----,----
c1_nu1500,4.0f,16.0f,20.0f,1500.0f,8.0f,3.0f,0.005f,1.0e-4f,150.0f,100,0.9647,nan,inf,0.90,10314,1.03,1,----,----,----,----
c2_nu600,4.0f,16.0f,20.0f,600.0f,8.0f,3.0f,0.005f,1.0e-4f,150.0f,100,0.9945,6.019,0.042,0.13,14603,1.46,15093,----,----,----,----
c3_nu250,4.0f,16.0f,20.0f,250.0f,8.0f,3.0f,0.005f,1.0e-4f,150.0f,100,0.9797,2.243,0.130,0.00,20996,2.10,17221,----,----,----,----
c4_nu80,4.0f,16.0f,20.0f,80.0f,8.0f,3.0f,0.005f,1.0e-4f,150.0f,100,0.9315,4.646,0.857,0.00,21524,2.15,42,----,----,----,----
d1_wexc5,5.0f,16.0f,20.0f,600.0f,8.0f,3.0f,0.005f,1.0e-4f,150.0f,100,0.9942,5.471,0.034,0.13,15104,1.51,15145,PASS,PASS,----,PASS
d2_wexc6,6.0f,16.0f,20.0f,600.0f,8.0f,3.0f,0.005f,1.0e-4f,150.0f,100,0.9936,5.062,0.042,0.13,15006,1.50,15076,PASS,PASS,----,PASS
d3_wexc7,7.0f,16.0f,20.0f,600.0f,8.0f,3.0f,0.005f,1.0e-4f,150.0f,100,0.9931,5.360,0.029,0.13,14145,1.41,15086,PASS,PASS,----,----
d4_wexc8,8.0f,16.0f,20.0f,600.0f,8.0f,3.0f,0.005f,1.0e-4f,150.0f,100,0.9923,5.325,0.031,0.13,12907,1.29,15223,PASS,PASS,----,PASS
e1_nu800_g2,6.0f,12.0f,20.0f,800.0f,8.0f,3.0f,0.005f,1.0e-4f,150.0f,100,0.9890,5.059,0.046,0.25,14624,1.46,1308,PASS,PASS,----,PASS
e2_nu800_g13,6.0f,8.0f,20.0f,800.0f,8.0f,3.0f,0.005f,1.0e-4f,150.0f,100,0.9897,3.517,0.064,0.26,14572,1.46,1245,PASS,PASS,----,----
e3_nu1200_g2,6.0f,12.0f,20.0f,1200.0f,8.0f,3.0f,0.005f,1.0e-4f,150.0f,100,0.9690,nan,inf,0.60,12613,1.26,1,PASS,PASS,----,----
e4_nu1200_g13,6.0f,8.0f,20.0f,1200.0f,8.0f,3.0f,0.005f,1.0e-4f,150.0f,100,0.9700,nan,inf,0.60,12500,1.25,4,PASS,PASS,----,----
f1_winh7,6.0f,7.0f,20.0f,800.0f,8.0f,3.0f,0.005f,1.0e-4f,150.0f,100,0.9899,4.011,0.032,0.26,14494,1.45,1251,PASS,PASS,----,PASS
f2_winh6,6.0f,6.0f,20.0f,800.0f,8.0f,3.0f,0.005f,1.0e-4f,150.0f,100,0.9901,4.922,0.057,0.26,14499,1.45,1241,PASS,PASS,----,PASS
f3_winh5,6.0f,5.0f,20.0f,800.0f,8.0f,3.0f,0.005f,1.0e-4f,150.0f,100,0.9903,4.355,0.047,0.26,14486,1.45,1198,PASS,PASS,----,PASS
f4_winh4,6.0f,4.0f,20.0f,800.0f,8.0f,3.0f,0.005f,1.0e-4f,150.0f,100,0.9905,4.576,0.051,0.26,14471,1.45,1218,PASS,PASS,----,PASS
g1_winh12_noctl,6.0f,12.0f,20.0f,800.0f,8.0f,3.0f,0.0f,0.0f,150.0f,100,0.9890,3.917,0.049,0.25,14556,1.46,1288,PASS,PASS,----,PASS
g2_winh9_noctl,6.0f,9.0f,20.0f,800.0f,8.0f,3.0f,0.0f,0.0f,150.0f,100,0.9895,4.649,0.039,0.25,14498,1.45,1287,PASS,PASS,----,PASS
g3_winh7_noctl,6.0f,7.0f,20.0f,800.0f,8.0f,3.0f,0.0f,0.0f,150.0f,100,0.9899,3.564,0.055,0.25,13430,1.34,1304,PASS,PASS,----,PASS
g4_winh5_noctl,6.0f,5.0f,20.0f,800.0f,8.0f,3.0f,0.0f,0.0f,150.0f,100,0.9903,3.587,0.060,0.26,14055,1.41,1192,PASS,PASS,----,----
h1_nu5k_g4,10.0f,40.0f,80.0f,5000.0f,8.0f,3.0f,0.0f,0.0f,150.0f,100,0.9701,nan,inf,12.09,8681,0.87,1,PASS,PASS,----,----
h2_nu5k_g5,10.0f,50.0f,80.0f,5000.0f,8.0f,3.0f,0.0f,0.0f,150.0f,100,0.9622,nan,inf,11.33,8834,0.88,1,PASS,PASS,----,----
h3_nu5k_g6,10.0f,60.0f,80.0f,5000.0f,8.0f,3.0f,0.0f,0.0f,150.0f,100,0.9649,nan,inf,10.83,8789,0.88,1,PASS,PASS,----,----
h4_nu3k_g5,10.0f,50.0f,80.0f,3000.0f,8.0f,3.0f,0.0f,0.0f,150.0f,100,0.9584,nan,inf,3.00,9899,0.99,1,PASS,PASS,----,----
i1_k100,8.0f,12.0f,20.0f,800.0f,8.0f,3.0f,0.0f,0.0f,150.0f,100,0.9868,3.916,0.059,0.25,13446,1.34,1322,PASS,PASS,----,----
i2_k250,3.2f,4.8f,20.0f,800.0f,8.0f,3.0f,0.0f,0.0f,150.0f,250,0.9866,4.937,0.043,0.25,5261,0.53,1453,PASS,PASS,----,PASS
i3_k500,1.6f,2.4f,20.0f,800.0f,8.0f,3.0f,0.0f,0.0f,150.0f,500,0.9869,4.524,0.037,0.25,5272,0.53,1517,PASS,PASS,----,PASS
i4_k1000,0.8f,1.2f,20.0f,800.0f,8.0f,3.0f,0.0f,0.0f,150.0f,1000,0.9878,4.595,0.059,0.25,3219,0.32,1494,PASS,PASS,----,PASS
j1_e2,6.0f,8.0f,20.0f,800.0f,8.0f,3.0f,0.0f,0.0f,150.0f,100,0.9890,3.579,0.054,0.25,6792,0.68,1333,PASS,PASS,----,PASS
j2_lodrive,6.0f,8.0f,20.0f,300.0f,8.0f,3.0f,0.0f,0.0f,150.0f,100,0.9882,1.992,0.333,0.01,9092,0.91,32139,----,----,----,----
j3_morerec,8.0f,12.0f,20.0f,800.0f,8.0f,3.0f,0.0f,0.0f,150.0f,100,0.9857,3.664,0.045,0.25,6502,0.65,1453,PASS,PASS,----,PASS
j4_hidrive,6.0f,8.0f,20.0f,2000.0f,8.0f,3.0f,0.0f,0.0f,150.0f,100,0.9530,nan,inf,1.53,5015,0.50,2,PASS,PASS,----,----
k1_nu400,6.0f,8.0f,20.0f,400.0f,8.0f,3.0f,0.0f,0.0f,150.0f,100,0.9929,2.274,0.342,0.04,8897,0.89,49940,PASS,PASS,----,----
k2_nu500,6.0f,8.0f,20.0f,500.0f,8.0f,3.0f,0.0f,0.0f,150.0f,100,0.9942,6.026,0.088,0.07,15420,1.54,35472,PASS,PASS,----,PASS
